Driver,SourceRows,UnambiguousObservedLaps,ValidTimedLaps,AccurateNonPitLaps,BeforeQuickCutoff,RepresentativeLaps
ALB,19,19,18,18,18,18
ALO,17,17,16,14,14,14
BOT,19,19,18,18,18,18
GAS,19,19,18,18,18,18
HAM,19,19,18,18,18,18
HUL,19,19,18,18,18,18
LEC,19,19,17,17,17,17
MAG,19,19,18,18,18,18
NOR,19,19,18,18,18,18
OCO,19,19,18,18,18,18
PER,19,19,18,18,18,18
PIA,19,19,18,18,18,18
RIC,19,19,17,17,17,17
RUS,19,19,18,18,18,18
SAI,19,19,18,18,18,18
SAR,19,19,18,18,18,18
STR,19,19,17,17,17,17
TSU,19,19,18,18,18,18
VER,19,19,18,18,18,18
ZHO,19,19,18,18,18,18
