Driver,LapTimeSeconds,DeltaSeconds
HAM,76.741,0.0
VER,76.777,0.036000000000001364
BOT,76.873,0.132000000000005
LEC,77.51,0.7690000000000055
OCO,77.58,0.8389999999999986
SAI,77.62,0.8790000000000049
RIC,77.622,0.8810000000000002
PER,77.669,0.9279999999999973
NOR,77.696,0.9549999999999983
ALO,77.966,1.2249999999999943
STR,77.974,1.233000000000004
GAS,77.982,1.2409999999999997
VET,78.079,1.3379999999999939
GIO,78.356,1.6149999999999949
RUS,78.445,1.7039999999999935
TSU,78.556,1.8149999999999977
RAI,78.917,2.176000000000002
MSC,79.117,2.3760000000000048
LAT,79.219,2.4779999999999944
MAZ,79.807,3.0660000000000025
